N_CTX,Triton [FP16]
8192.000000,409.640752
