N_CTX,Triton [FP16]
1024.000000,218.826605
2048.000000,273.472171
4096.000000,311.772071
8192.000000,475.184501
