N_CTX,Triton [FP16]
1024.000000,553.213184
2048.000000,744.769167
4096.000000,1072.531077
8192.000000,1402.424797
